frequency,time,expenses,motivation,taste,hygiene,menu,presentation,attendance,ingredients,place.to.sit,takeaway,variation,stop.strucks,schedule,gender,age.group,scholarity,average.income,has.work,marital.status
2.0,dinner,30.0,friend,5.0,4.0,4.0,3.0,4.0,4.0,4.0,3.0,3.0,2.0,2.0,M,2.0,1.5,4.0,0.0,single
0.0,dinner,20.0,by_chance,5.0,2.0,4.0,4.0,4.0,4.0,5.0,2.0,3.0,1.0,4.0,F,3.0,2.0,5.0,1.0,married
1.0,afternoon,15.0,by_chance,5.0,2.0,2.0,5.0,3.0,5.0,2.0,2.0,2.0,2.0,1.0,M,2.0,1.5,4.0,1.0,single
0.0,lunch,40.0,friend,5.0,5.0,4.0,3.0,4.0,4.0,3.0,4.0,5.0,1.0,1.0,M,3.0,2.0,6.0,1.0,single
0.0,dinner,15.0,social_network,5.0,4.0,2.0,3.0,4.0,4.0,2.0,3.0,4.0,1.0,1.0,M,2.0,1.5,4.0,1.0,single
1.0,dinner,20.0,friend,5.0,4.0,3.0,3.0,4.0,5.0,4.0,2.0,3.0,3.0,3.0,M,2.0,1.5,1.0,0.0,single
1.0,dinner,20.0,friend,4.0,5.0,5.0,4.0,4.0,4.0,5.0,3.0,3.0,2.0,1.0,M,3.0,2.0,1.0,1.0,single
0.0,dinner,15.0,by_chance,5.0,4.0,3.0,5.0,5.0,4.0,5.0,2.0,4.0,3.0,1.0,F,3.0,2.0,2.0,0.0,single
1.0,dinner,20.0,social_network,5.0,5.0,3.0,5.0,4.0,3.0,5.0,3.0,2.0,3.0,3.0,F,2.0,1.5,6.0,0.0,single
0.0,dinner,40.0,friend,5.0,5.0,5.0,5.0,5.0,5.0,5.0,3.0,1.0,1.0,1.0,M,2.0,1.5,3.0,1.0,single
0.0,dinner,15.0,by_chance,5.0,4.0,3.0,5.0,5.0,4.0,5.0,2.0,4.0,3.0,1.0,F,3.0,2.0,2.0,0.0,single
1.0,dinner,20.0,social_network,5.0,5.0,4.0,4.0,5.0,4.0,4.0,1.0,4.0,5.0,3.0,M,3.0,3.0,2.0,1.0,married
1.0,dinner,20.0,social_network,5.0,5.0,5.0,5.0,5.0,5.0,1.0,3.0,2.0,5.0,3.0,F,2.0,1.0,4.0,0.0,single
1.0,dinner,40.0,friend,5.0,4.0,3.0,3.0,4.0,5.0,4.0,3.0,2.0,1.0,1.0,M,3.0,1.5,3.0,1.0,single
1.0,dinner,20.0,social_network,5.0,5.0,5.0,5.0,5.0,5.0,5.0,3.0,4.0,2.0,4.0,F,3.0,3.0,3.0,1.0,single
1.0,dinner,20.0,social_network,5.0,5.0,4.0,4.0,5.0,5.0,5.0,3.0,5.0,4.0,4.0,F,2.0,3.0,3.0,0.0,single
1.0,dinner,20.0,social_network,5.0,5.0,4.0,4.0,5.0,5.0,4.0,3.0,4.0,4.0,4.0,F,3.0,3.0,3.0,1.0,single
1.0,dinner,20.0,social_network,5.0,5.0,4.0,5.0,5.0,5.0,5.0,2.0,2.0,4.0,4.0,F,2.0,1.5,3.0,0.0,single
1.0,dinner,15.0,friend,2.0,2.0,2.0,2.0,2.0,2.0,4.0,1.0,2.0,1.0,1.0,M,4.0,4.0,5.0,1.0,single
0.0,dinner,30.0,friend,5.0,4.0,3.0,4.0,4.0,3.0,5.0,3.0,4.0,1.0,2.0,M,2.0,1.5,6.0,0.0,single
1.0,dinner,20.0,social_network,5.0,3.0,4.0,5.0,5.0,4.0,4.0,2.0,4.0,3.0,3.0,M,2.0,1.5,1.0,1.0,single
1.0,dinner,15.0,friend,5.0,4.0,1.0,3.0,5.0,3.0,2.0,3.0,4.0,3.0,3.0,F,2.0,1.5,1.0,1.0,single
0.0,dinner,20.0,social_network,5.0,4.0,4.0,4.0,5.0,4.0,3.0,2.0,4.0,3.0,4.0,M,2.0,1.5,3.0,1.0,single
1.0,dinner,30.0,social_network,5.0,5.0,4.0,5.0,5.0,5.0,5.0,3.0,3.0,4.0,4.0,F,2.0,1.5,1.0,1.0,single
0.0,happy_hour,20.0,friend,5.0,5.0,5.0,5.0,5.0,5.0,4.0,3.0,3.0,4.0,4.0,F,6.0,2.0,3.0,1.0,married
4.0,dinner,20.0,friend,5.0,5.0,2.0,5.0,5.0,5.0,4.0,3.0,4.0,5.0,2.0,F,3.0,2.0,1.0,1.0,single
2.0,happy_hour,20.0,friend,5.0,5.0,5.0,5.0,5.0,5.0,5.0,3.0,4.0,2.0,2.0,M,3.0,2.0,4.0,0.0,single
0.0,dinner,30.0,by_chance,5.0,4.0,4.0,5.0,3.0,3.0,2.0,1.0,5.0,2.0,1.0,F,2.0,3.0,4.0,0.0,single
0.0,happy_hour,20.0,by_chance,5.0,5.0,4.0,5.0,5.0,5.0,2.0,3.0,4.0,2.0,4.0,F,2.0,1.5,2.0,0.0,single
0.0,dinner,20.0,web,4.0,5.0,4.0,4.0,5.0,4.0,4.0,3.0,3.0,1.0,2.0,M,3.0,3.0,4.0,1.0,single
0.0,dawn,20.0,by_chance,1.0,1.0,1.0,1.0,2.0,1.0,4.0,1.0,1.0,1.0,1.0,F,4.0,2.0,3.0,1.0,single
0.0,afternoon,15.0,by_chance,5.0,5.0,4.0,4.0,3.0,4.0,3.0,2.0,4.0,2.0,2.0,F,2.0,1.5,5.0,0.0,single
1.0,dinner,30.0,social_network,5.0,5.0,4.0,5.0,5.0,5.0,5.0,1.0,4.0,3.0,4.0,F,2.0,3.0,5.0,1.0,single
0.0,dinner,20.0,by_chance,2.0,2.0,2.0,2.0,2.0,2.0,5.0,2.0,4.0,4.0,3.0,M,8.0,1.5,4.0,1.0,married
3.0,dinner,20.0,social_network,5.0,4.0,3.0,5.0,5.0,5.0,4.0,2.0,4.0,2.0,4.0,F,2.0,1.0,4.0,0.0,single
0.0,dinner,30.0,friend,5.0,5.0,4.0,5.0,5.0,5.0,3.0,2.0,4.0,3.0,2.0,M,3.0,2.0,3.0,1.0,single
0.0,dinner,20.0,social_network,5.0,5.0,4.0,5.0,4.0,5.0,3.0,2.0,4.0,4.0,4.0,F,2.0,2.0,5.0,0.0,single
1.0,happy_hour,15.0,friend,5.0,5.0,3.0,5.0,5.0,5.0,3.0,3.0,3.0,2.0,2.0,F,2.0,3.0,2.0,1.0,single
1.0,dinner,30.0,social_network,5.0,4.0,4.0,5.0,4.0,4.0,2.0,2.0,4.0,4.0,4.0,M,3.0,3.0,6.0,1.0,single
2.0,dinner,15.0,friend,5.0,4.0,5.0,5.0,4.0,5.0,4.0,2.0,5.0,2.0,3.0,M,4.0,5.0,4.0,1.0,single
1.0,dinner,30.0,social_network,4.0,5.0,4.0,4.0,5.0,4.0,3.0,4.0,4.0,3.0,3.0,F,2.0,1.5,2.0,0.0,single
2.0,dinner,15.0,social_network,5.0,5.0,3.0,5.0,5.0,5.0,4.0,3.0,4.0,1.0,5.0,F,2.0,2.0,3.0,1.0,single
2.0,dinner,20.0,social_network,5.0,5.0,4.0,3.0,5.0,5.0,4.0,3.0,3.0,4.0,5.0,F,2.0,1.5,4.0,1.0,single
1.0,dinner,20.0,friend,5.0,5.0,4.0,5.0,4.0,5.0,4.0,2.0,4.0,4.0,4.0,F,2.0,1.5,4.0,1.0,single
1.0,dinner,20.0,web,5.0,4.0,4.0,4.0,4.0,4.0,3.0,2.0,4.0,4.0,2.0,M,3.0,2.0,6.0,1.0,single
0.0,dinner,20.0,friend,4.0,4.0,2.0,3.0,4.0,2.0,4.0,5.0,3.0,2.0,1.0,M,2.0,1.5,3.0,1.0,single
1.0,dinner,20.0,friend,5.0,4.0,4.0,4.0,5.0,4.0,2.0,3.0,3.0,2.0,1.0,M,2.0,1.5,5.0,1.0,single
1.0,dinner,40.0,social_network,5.0,5.0,5.0,4.0,4.0,4.0,5.0,2.0,4.0,4.0,3.0,F,4.0,4.0,5.0,1.0,married
1.0,dinner,20.0,social_network,5.0,5.0,4.0,5.0,5.0,5.0,5.0,3.0,3.0,3.0,3.0,M,3.0,2.0,4.0,1.0,single
0.0,dawn,20.0,by_chance,3.0,4.0,3.0,4.0,4.0,4.0,2.0,3.0,3.0,2.0,1.0,M,2.0,1.5,6.0,0.0,single
0.0,happy_hour,20.0,friend,4.0,2.0,3.0,2.0,4.0,1.0,5.0,2.0,3.0,1.0,1.0,M,3.0,2.0,3.0,1.0,single
1.0,dinner,20.0,web,5.0,5.0,5.0,5.0,5.0,5.0,3.0,3.0,3.0,1.0,1.0,M,3.0,1.5,3.0,1.0,married
3.0,dinner,20.0,social_network,5.0,5.0,5.0,4.0,4.0,5.0,2.0,2.0,5.0,5.0,5.0,M,2.0,1.5,3.0,1.0,married
1.0,dinner,20.0,social_network,5.0,5.0,4.0,4.0,5.0,5.0,4.0,3.0,4.0,4.0,5.0,F,2.0,2.0,3.0,1.0,single
2.0,dinner,15.0,friend,5.0,5.0,4.0,5.0,5.0,5.0,5.0,3.0,2.0,1.0,1.0,F,3.0,4.0,2.0,0.0,married
1.0,dinner,15.0,by_chance,5.0,3.0,3.0,3.0,4.0,4.0,5.0,2.0,3.0,1.0,1.0,M,2.0,1.5,3.0,1.0,single
0.0,dawn,15.0,by_chance,5.0,5.0,4.0,4.0,4.0,4.0,3.0,3.0,2.0,2.0,2.0,M,2.0,1.5,5.0,0.0,single
1.0,dinner,20.0,social_network,5.0,5.0,3.0,5.0,5.0,5.0,4.0,3.0,5.0,5.0,5.0,F,2.0,1.5,4.0,0.0,single
1.0,dinner,15.0,social_network,5.0,5.0,4.0,5.0,5.0,5.0,5.0,3.0,4.0,3.0,2.0,F,2.0,3.0,4.0,0.0,single
3.0,lunch,20.0,friend,5.0,5.0,5.0,5.0,5.0,5.0,5.0,2.0,1.0,3.0,5.0,F,1.0,1.5,2.0,0.0,single
2.0,dinner,30.0,social_network,4.0,5.0,3.0,4.0,4.0,5.0,2.0,3.0,3.0,4.0,4.0,M,2.0,1.0,4.0,0.0,single
0.0,dinner,20.0,web,5.0,5.0,4.0,5.0,5.0,5.0,4.0,3.0,5.0,3.0,3.0,M,2.0,1.5,3.0,0.0,single
2.0,dinner,20.0,social_network,5.0,3.0,4.0,5.0,5.0,5.0,4.0,1.0,4.0,4.0,4.0,F,2.0,1.5,4.0,1.0,single
0.0,dawn,20.0,friend,5.0,5.0,5.0,5.0,5.0,5.0,3.0,3.0,4.0,2.0,2.0,M,6.0,2.0,4.0,1.0,divorced
0.0,dinner,20.0,friend,5.0,5.0,4.0,4.0,5.0,2.0,3.0,3.0,5.0,3.0,4.0,F,2.0,1.5,1.0,0.0,single
0.0,dinner,15.0,social_network,5.0,5.0,5.0,5.0,5.0,5.0,3.0,2.0,3.0,2.0,1.0,M,2.0,1.5,6.0,1.0,single
1.0,dinner,20.0,social_network,5.0,5.0,5.0,5.0,5.0,5.0,4.0,2.0,4.0,4.0,4.0,F,2.0,1.5,3.0,1.0,single
1.0,dinner,30.0,social_network,4.0,4.0,4.0,4.0,4.0,4.0,3.0,2.0,5.0,4.0,4.0,F,3.0,2.0,1.0,1.0,single
0.0,dinner,30.0,social_network,5.0,5.0,5.0,5.0,5.0,5.0,4.0,2.0,5.0,2.0,2.0,F,3.0,4.0,2.0,0.0,single
0.0,happy_hour,30.0,social_network,5.0,5.0,4.0,4.0,5.0,5.0,5.0,2.0,3.0,1.0,1.0,F,4.0,2.0,3.0,1.0,single
0.0,happy_hour,15.0,social_network,5.0,5.0,5.0,4.0,5.0,5.0,4.0,3.0,4.0,3.0,3.0,F,2.0,4.0,2.0,0.0,single
1.0,dinner,20.0,friend,5.0,5.0,3.0,4.0,5.0,5.0,4.0,2.0,4.0,3.0,1.0,M,3.0,4.0,3.0,1.0,single
0.0,afternoon,20.0,by_chance,4.0,4.0,3.0,5.0,4.0,4.0,3.0,3.0,3.0,2.0,2.0,M,1.0,1.5,3.0,1.0,single
2.0,dawn,15.0,friend,5.0,4.0,2.0,2.0,5.0,5.0,4.0,2.0,4.0,1.0,3.0,M,2.0,1.5,2.0,1.0,single
1.0,dinner,20.0,social_network,5.0,5.0,5.0,5.0,5.0,5.0,4.0,1.0,4.0,4.0,4.0,M,2.0,3.0,6.0,1.0,single
1.0,dinner,30.0,friend,5.0,4.0,3.0,3.0,3.0,3.0,4.0,2.0,4.0,1.0,1.0,M,2.0,1.5,4.0,1.0,single
1.0,dinner,20.0,social_network,5.0,4.0,2.0,4.0,5.0,4.0,4.0,4.0,5.0,2.0,4.0,F,3.0,4.0,1.0,1.0,single
0.0,dinner,15.0,social_network,5.0,5.0,4.0,5.0,5.0,5.0,2.0,3.0,4.0,4.0,5.0,F,7.0,3.0,4.0,1.0,married
1.0,dinner,40.0,friend,5.0,4.0,2.0,4.0,5.0,5.0,2.0,2.0,5.0,4.0,4.0,M,2.0,2.0,3.0,1.0,single
1.0,dinner,40.0,friend,5.0,4.0,2.0,4.0,5.0,5.0,2.0,2.0,5.0,4.0,4.0,M,2.0,2.0,3.0,1.0,single
2.0,dinner,15.0,friend,5.0,4.0,3.0,3.0,4.0,4.0,3.0,2.0,3.0,1.0,3.0,M,3.0,1.5,1.0,0.0,single
0.0,dinner,30.0,social_network,5.0,5.0,2.0,4.0,5.0,5.0,5.0,2.0,4.0,4.0,1.0,F,2.0,1.0,1.0,0.0,single
0.0,dinner,40.0,social_network,5.0,4.0,4.0,4.0,4.0,3.0,4.0,3.0,2.0,1.0,1.0,F,2.0,2.0,4.0,1.0,single
1.0,dinner,30.0,social_network,4.0,4.0,5.0,4.0,4.0,3.0,5.0,1.0,4.0,3.0,4.0,M,2.0,1.5,4.0,0.0,single
3.0,dawn,15.0,by_chance,5.0,4.0,3.0,4.0,4.0,4.0,4.0,3.0,3.0,2.0,2.0,F,3.0,3.0,3.0,1.0,single
0.0,dinner,20.0,social_network,4.0,5.0,3.0,4.0,5.0,5.0,2.0,1.0,5.0,3.0,3.0,M,2.0,1.5,1.0,1.0,single
1.0,happy_hour,30.0,social_network,5.0,5.0,4.0,4.0,5.0,4.0,2.0,3.0,3.0,2.0,2.0,F,2.0,1.5,4.0,0.0,single
2.0,dinner,20.0,social_network,5.0,5.0,5.0,5.0,5.0,5.0,4.0,3.0,4.0,5.0,4.0,F,3.0,1.5,2.0,1.0,single
1.0,dinner,20.0,web,5.0,5.0,5.0,5.0,5.0,5.0,5.0,2.0,4.0,4.0,3.0,F,2.0,1.5,6.0,0.0,single
0.0,dinner,15.0,by_chance,5.0,5.0,4.0,4.0,4.0,5.0,2.0,4.0,4.0,3.0,2.0,F,2.0,2.0,4.0,1.0,single
1.0,happy_hour,30.0,friend,5.0,5.0,5.0,5.0,5.0,5.0,4.0,2.0,5.0,5.0,5.0,M,1.0,1.5,6.0,1.0,single
0.0,dinner,20.0,friend,5.0,5.0,4.0,5.0,4.0,5.0,5.0,3.0,4.0,2.0,2.0,M,2.0,1.5,5.0,0.0,single
1.0,dinner,20.0,social_network,5.0,4.0,2.0,4.0,5.0,5.0,5.0,3.0,4.0,3.0,4.0,M,4.0,3.0,5.0,1.0,single
1.0,dinner,15.0,social_network,5.0,4.0,4.0,3.0,4.0,5.0,2.0,3.0,5.0,4.0,5.0,M,2.0,1.5,4.0,0.0,single
0.0,dinner,15.0,social_network,5.0,4.0,4.0,4.0,5.0,5.0,5.0,3.0,3.0,1.0,3.0,F,1.0,1.5,2.0,0.0,single
1.0,dinner,20.0,social_network,5.0,5.0,4.0,4.0,5.0,5.0,5.0,3.0,3.0,1.0,2.0,M,2.0,1.5,4.0,0.0,single
1.0,dinner,30.0,social_network,5.0,5.0,4.0,5.0,4.0,5.0,5.0,3.0,4.0,5.0,5.0,F,4.0,2.0,5.0,0.0,single
0.0,afternoon,20.0,friend,5.0,5.0,5.0,5.0,5.0,5.0,3.0,5.0,4.0,1.0,3.0,F,8.0,1.0,2.0,1.0,married
1.0,dinner,20.0,social_network,5.0,5.0,5.0,5.0,5.0,4.0,4.0,4.0,4.0,3.0,3.0,M,3.0,2.0,3.0,1.0,single
0.0,dinner,20.0,social_network,5.0,4.0,4.0,4.0,5.0,5.0,4.0,4.0,4.0,3.0,4.0,F,2.0,2.0,4.0,1.0,single
0.0,dawn,20.0,by_chance,5.0,5.0,1.0,4.0,4.0,4.0,4.0,4.0,4.0,2.0,2.0,F,2.0,1.5,3.0,1.0,single
2.0,dinner,40.0,social_network,5.0,5.0,5.0,5.0,5.0,5.0,5.0,3.0,4.0,4.0,4.0,F,4.0,1.5,3.0,1.0,single
1.0,dinner,30.0,friend,5.0,4.0,2.0,4.0,3.0,4.0,2.0,2.0,4.0,4.0,2.0,M,2.0,1.5,4.0,0.0,single
0.0,dinner,15.0,friend,5.0,2.0,4.0,3.0,5.0,5.0,2.0,2.0,4.0,2.0,2.0,M,2.0,2.0,1.0,1.0,single
0.0,dawn,15.0,by_chance,4.0,4.0,3.0,5.0,5.0,4.0,5.0,3.0,3.0,3.0,3.0,F,3.0,3.0,3.0,1.0,single
1.0,dinner,15.0,social_network,4.0,4.0,4.0,4.0,4.0,4.0,2.0,4.0,4.0,4.0,4.0,F,4.0,2.0,1.0,1.0,single
0.0,dinner,30.0,social_network,5.0,5.0,2.0,5.0,5.0,2.0,3.0,1.0,3.0,1.0,1.0,F,2.0,1.5,4.0,1.0,single
0.0,afternoon,15.0,by_chance,5.0,5.0,5.0,5.0,5.0,5.0,5.0,3.0,3.0,2.0,4.0,M,1.0,0.0,4.0,0.0,single
1.0,dinner,20.0,by_chance,5.0,5.0,4.0,4.0,4.0,4.0,2.0,3.0,5.0,5.0,1.0,M,2.0,2.0,1.0,1.0,single
0.0,happy_hour,30.0,friend,5.0,5.0,5.0,5.0,5.0,5.0,4.0,4.0,5.0,1.0,1.0,F,4.0,3.0,3.0,1.0,single
1.0,dinner,20.0,by_chance,5.0,4.0,4.0,3.0,5.0,3.0,5.0,3.0,4.0,4.0,1.0,F,1.0,0.0,4.0,0.0,single
2.0,happy_hour,20.0,social_network,5.0,5.0,4.0,4.0,5.0,4.0,4.0,3.0,4.0,4.0,4.0,F,2.0,2.0,3.0,1.0,single
0.0,dinner,30.0,social_network,4.0,5.0,3.0,4.0,4.0,4.0,3.0,3.0,3.0,2.0,2.0,M,3.0,4.0,3.0,1.0,single
1.0,dinner,15.0,by_chance,5.0,5.0,3.0,4.0,5.0,5.0,4.0,2.0,3.0,3.0,3.0,F,3.0,1.5,2.0,1.0,single
0.0,dawn,20.0,by_chance,5.0,3.0,3.0,5.0,5.0,5.0,5.0,2.0,4.0,2.0,1.0,M,3.0,2.0,5.0,1.0,married
2.0,dinner,20.0,social_network,5.0,5.0,4.0,5.0,5.0,4.0,4.0,3.0,5.0,3.0,5.0,F,2.0,1.5,1.0,0.0,single
1.0,dinner,20.0,by_chance,5.0,5.0,4.0,5.0,5.0,5.0,4.0,2.0,4.0,2.0,1.0,F,4.0,3.0,3.0,1.0,single
0.0,dinner,15.0,friend,5.0,5.0,4.0,4.0,5.0,4.0,4.0,4.0,5.0,3.0,2.0,F,2.0,1.5,2.0,0.0,single
1.0,dinner,15.0,friend,5.0,5.0,4.0,5.0,5.0,4.0,4.0,2.0,2.0,4.0,3.0,F,4.0,1.5,1.0,0.0,married
0.0,dawn,15.0,social_network,5.0,5.0,4.0,4.0,4.0,4.0,1.0,5.0,4.0,3.0,3.0,F,2.0,1.5,6.0,0.0,single
1.0,dinner,20.0,social_network,5.0,4.0,4.0,4.0,5.0,5.0,4.0,1.0,3.0,5.0,5.0,F,3.0,4.0,4.0,1.0,single
1.0,dinner,20.0,social_network,5.0,5.0,5.0,5.0,5.0,5.0,3.0,2.0,5.0,2.0,2.0,M,2.0,1.5,3.0,0.0,single
0.0,happy_hour,20.0,by_chance,5.0,5.0,4.0,4.0,5.0,3.0,3.0,2.0,3.0,1.0,1.0,F,2.0,1.5,3.0,1.0,single
0.0,dinner,15.0,by_chance,4.0,5.0,4.0,4.0,5.0,5.0,4.0,4.0,3.0,2.0,1.0,F,6.0,3.0,3.0,1.0,single
0.0,happy_hour,15.0,by_chance,1.0,1.0,1.0,1.0,1.0,1.0,5.0,2.0,2.0,1.0,1.0,F,2.0,1.5,4.0,0.0,single
0.0,happy_hour,20.0,web,4.0,3.0,5.0,3.0,5.0,4.0,2.0,4.0,4.0,1.0,1.0,M,1.0,1.5,4.0,0.0,single
2.0,dawn,15.0,friend,5.0,4.0,3.0,3.0,4.0,4.0,3.0,1.0,3.0,3.0,3.0,M,2.0,1.5,2.0,0.0,single
1.0,dinner,20.0,friend,5.0,5.0,3.0,3.0,5.0,5.0,1.0,1.0,2.0,5.0,2.0,M,2.0,1.5,3.0,0.0,single
0.0,dawn,20.0,social_network,5.0,4.0,5.0,3.0,5.0,5.0,5.0,1.0,1.0,1.0,1.0,M,4.0,2.0,4.0,0.0,single
0.0,dawn,15.0,by_chance,5.0,5.0,2.0,4.0,5.0,4.0,3.0,2.0,1.0,1.0,1.0,M,2.0,1.5,2.0,1.0,single
1.0,dinner,30.0,social_network,5.0,5.0,4.0,5.0,4.0,4.0,4.0,3.0,4.0,4.0,4.0,F,2.0,1.0,6.0,0.0,single
1.0,dinner,30.0,friend,5.0,5.0,4.0,4.0,5.0,5.0,3.0,2.0,3.0,4.0,4.0,M,1.0,1.5,5.0,0.0,single
0.0,dinner,20.0,social_network,5.0,5.0,4.0,5.0,4.0,4.0,5.0,1.0,3.0,1.0,1.0,F,2.0,3.0,4.0,1.0,single
1.0,dinner,20.0,friend,5.0,5.0,4.0,5.0,5.0,5.0,2.0,3.0,4.0,2.0,1.0,M,2.0,1.5,3.0,1.0,single
0.0,lunch,20.0,social_network,2.0,2.0,2.0,2.0,2.0,2.0,5.0,2.0,2.0,1.0,2.0,M,6.0,3.0,3.0,1.0,married
0.0,dinner,20.0,friend,4.0,3.0,5.0,3.0,4.0,3.0,5.0,4.0,4.0,2.0,2.0,M,2.0,1.0,2.0,0.0,single
0.0,dawn,20.0,web,5.0,5.0,4.0,4.0,5.0,5.0,4.0,3.0,3.0,3.0,3.0,M,2.0,1.0,4.0,0.0,single
1.0,dinner,15.0,by_chance,4.0,5.0,5.0,5.0,5.0,5.0,2.0,3.0,3.0,4.0,2.0,F,3.0,3.0,4.0,0.0,married
1.0,happy_hour,30.0,social_network,5.0,5.0,5.0,5.0,5.0,5.0,1.0,3.0,5.0,3.0,5.0,M,3.0,2.0,5.0,1.0,single
1.0,happy_hour,15.0,friend,5.0,5.0,5.0,4.0,4.0,4.0,2.0,3.0,4.0,2.0,2.0,M,1.0,1.5,1.0,0.0,single
3.0,dinner,30.0,social_network,4.0,4.0,4.0,5.0,5.0,5.0,5.0,3.0,5.0,5.0,5.0,M,2.0,1.5,1.0,0.0,single
0.0,afternoon,15.0,by_chance,5.0,5.0,2.0,4.0,5.0,4.0,2.0,3.0,2.0,1.0,1.0,M,2.0,1.5,4.0,1.0,single
1.0,happy_hour,20.0,friend,5.0,4.0,3.0,5.0,4.0,4.0,3.0,2.0,3.0,4.0,4.0,F,2.0,1.5,3.0,0.0,single
0.0,happy_hour,30.0,friend,5.0,5.0,3.0,3.0,5.0,4.0,4.0,3.0,3.0,1.0,1.0,M,2.0,1.5,4.0,0.0,single
1.0,happy_hour,20.0,social_network,5.0,5.0,4.0,5.0,5.0,5.0,4.0,2.0,5.0,5.0,5.0,F,2.0,1.5,2.0,0.0,single
1.0,dinner,15.0,social_network,4.0,4.0,2.0,4.0,5.0,5.0,3.0,4.0,4.0,4.0,3.0,M,5.0,1.5,2.0,1.0,married
2.0,dawn,20.0,friend,5.0,5.0,3.0,4.0,5.0,5.0,5.0,2.0,4.0,3.0,3.0,F,1.0,1.0,3.0,1.0,single
1.0,happy_hour,20.0,friend,4.0,5.0,4.0,4.0,3.0,4.0,3.0,3.0,4.0,2.0,2.0,M,1.0,1.5,1.0,0.0,single
1.0,dinner,20.0,social_network,4.0,5.0,4.0,5.0,5.0,5.0,2.0,3.0,4.0,4.0,2.0,M,2.0,1.5,1.0,0.0,single
0.0,afternoon,20.0,by_chance,5.0,5.0,5.0,5.0,5.0,5.0,2.0,3.0,4.0,2.0,1.0,F,1.0,1.0,1.0,1.0,single
0.0,afternoon,15.0,friend,5.0,5.0,4.0,5.0,5.0,5.0,3.0,3.0,3.0,3.0,3.0,M,2.0,1.0,1.0,0.0,single
0.0,dinner,15.0,by_chance,4.0,5.0,4.0,4.0,5.0,5.0,2.0,3.0,2.0,2.0,2.0,M,2.0,2.0,1.0,1.0,single
0.0,dinner,15.0,by_chance,5.0,5.0,1.0,4.0,4.0,2.0,3.0,5.0,3.0,2.0,1.0,F,2.0,1.5,1.0,0.0,single
1.0,dawn,20.0,social_network,5.0,5.0,2.0,5.0,5.0,4.0,4.0,3.0,4.0,4.0,4.0,F,2.0,2.0,4.0,0.0,single
0.0,dinner,15.0,friend,5.0,4.0,3.0,5.0,4.0,4.0,5.0,3.0,2.0,1.0,1.0,F,2.0,1.5,3.0,1.0,single
0.0,dinner,20.0,friend,5.0,5.0,4.0,4.0,5.0,5.0,4.0,3.0,4.0,3.0,3.0,F,2.0,2.0,5.0,1.0,single
0.0,dinner,20.0,by_chance,3.0,5.0,4.0,5.0,4.0,5.0,2.0,4.0,4.0,4.0,2.0,M,1.0,1.5,1.0,0.0,single
0.0,afternoon,15.0,web,2.0,2.0,2.0,2.0,2.0,2.0,5.0,2.0,4.0,1.0,1.0,F,1.0,1.0,1.0,0.0,single
1.0,dinner,20.0,social_network,5.0,5.0,4.0,5.0,5.0,5.0,5.0,2.0,3.0,4.0,4.0,F,1.0,1.5,3.0,0.0,single
1.0,dinner,20.0,social_network,5.0,5.0,5.0,5.0,5.0,5.0,4.0,2.0,5.0,1.0,1.0,F,2.0,2.0,1.0,1.0,single
1.0,dinner,15.0,friend,5.0,5.0,5.0,5.0,5.0,5.0,5.0,2.0,4.0,3.0,4.0,M,3.0,3.0,5.0,1.0,married
0.0,dinner,20.0,social_network,5.0,5.0,5.0,5.0,5.0,5.0,4.0,1.0,5.0,5.0,4.0,F,3.0,1.5,1.0,0.0,single
0.0,dinner,20.0,social_network,5.0,5.0,4.0,5.0,5.0,4.0,5.0,3.0,3.0,4.0,2.0,F,2.0,2.0,5.0,0.0,single
3.0,dawn,15.0,by_chance,5.0,3.0,4.0,4.0,5.0,3.0,2.0,3.0,3.0,2.0,1.0,M,2.0,1.5,6.0,0.0,single
0.0,dinner,20.0,by_chance,4.0,5.0,3.0,3.0,5.0,4.0,4.0,4.0,3.0,3.0,3.0,M,1.0,1.5,3.0,1.0,single
0.0,dinner,20.0,friend,5.0,5.0,5.0,5.0,5.0,5.0,4.0,3.0,1.0,1.0,1.0,F,4.0,2.0,4.0,0.0,married
0.0,dinner,20.0,social_network,5.0,5.0,2.0,4.0,4.0,4.0,4.0,3.0,3.0,2.0,2.0,M,2.0,1.5,4.0,0.0,single
0.0,dinner,30.0,web,5.0,5.0,3.0,4.0,5.0,5.0,4.0,4.0,4.0,4.0,4.0,F,4.0,2.0,6.0,1.0,married
1.0,dinner,20.0,social_network,5.0,5.0,4.0,4.0,5.0,5.0,3.0,2.0,3.0,4.0,4.0,M,2.0,1.5,2.0,1.0,single
0.0,dinner,20.0,by_chance,5.0,5.0,4.0,4.0,5.0,4.0,5.0,3.0,2.0,2.0,2.0,F,2.0,1.5,1.0,0.0,married
0.0,dinner,20.0,friend,5.0,5.0,4.0,4.0,4.0,4.0,5.0,3.0,3.0,3.0,3.0,M,2.0,1.5,3.0,0.0,single
0.0,dinner,30.0,friend,5.0,4.0,2.0,5.0,5.0,4.0,5.0,3.0,2.0,1.0,1.0,F,2.0,2.0,2.0,0.0,single
1.0,dinner,20.0,friend,5.0,5.0,5.0,4.0,4.0,5.0,5.0,3.0,4.0,2.0,2.0,F,7.0,4.0,6.0,0.0,married
0.0,dinner,20.0,social_network,5.0,5.0,5.0,5.0,5.0,5.0,5.0,3.0,4.0,1.0,1.0,M,5.0,3.0,5.0,1.0,married
0.0,happy_hour,20.0,by_chance,5.0,5.0,4.0,5.0,4.0,5.0,4.0,3.0,4.0,1.0,1.0,F,2.0,1.5,2.0,0.0,single
0.0,dawn,15.0,friend,2.0,2.0,2.0,2.0,2.0,2.0,4.0,2.0,2.0,1.0,1.0,M,2.0,2.0,4.0,0.0,single
1.0,dinner,30.0,friend,5.0,5.0,5.0,5.0,5.0,5.0,2.0,3.0,4.0,4.0,3.0,F,2.0,1.5,3.0,0.0,single
0.0,dinner,20.0,social_network,5.0,5.0,5.0,4.0,5.0,5.0,4.0,3.0,4.0,3.0,3.0,F,2.0,1.5,3.0,1.0,single
3.0,dinner,15.0,social_network,5.0,4.0,4.0,5.0,5.0,4.0,3.0,3.0,5.0,3.0,4.0,M,2.0,1.5,5.0,1.0,single
1.0,dinner,20.0,social_network,5.0,5.0,5.0,5.0,5.0,5.0,5.0,3.0,3.0,3.0,2.0,F,2.0,1.5,4.0,0.0,single
0.0,happy_hour,20.0,friend,5.0,5.0,5.0,5.0,5.0,5.0,4.0,3.0,3.0,3.0,3.0,M,2.0,1.5,2.0,1.0,single
0.0,dinner,15.0,social_network,5.0,5.0,5.0,5.0,5.0,5.0,5.0,3.0,3.0,1.0,1.0,M,2.0,1.5,3.0,1.0,single
0.0,dawn,15.0,social_network,5.0,5.0,4.0,5.0,5.0,4.0,4.0,2.0,4.0,2.0,1.0,M,3.0,4.0,4.0,1.0,single
1.0,dawn,15.0,by_chance,5.0,5.0,4.0,5.0,4.0,5.0,2.0,4.0,3.0,3.0,3.0,F,4.0,2.0,4.0,1.0,single
1.0,dinner,20.0,friend,4.0,5.0,3.0,4.0,4.0,5.0,3.0,4.0,2.0,4.0,3.0,F,2.0,1.5,6.0,0.0,single
0.0,dinner,20.0,friend,5.0,4.0,4.0,2.0,5.0,4.0,5.0,3.0,4.0,4.0,4.0,F,2.0,1.5,4.0,1.0,single
0.0,dinner,20.0,social_network,5.0,5.0,3.0,5.0,4.0,4.0,2.0,3.0,3.0,1.0,4.0,M,2.0,1.5,6.0,1.0,single
1.0,dinner,20.0,social_network,5.0,5.0,5.0,4.0,5.0,4.0,5.0,4.0,3.0,4.0,4.0,F,2.0,2.0,4.0,0.0,single
1.0,dinner,20.0,friend,5.0,5.0,5.0,5.0,4.0,5.0,5.0,3.0,4.0,1.0,4.0,F,2.0,1.0,1.0,0.0,single
1.0,dawn,20.0,social_network,5.0,5.0,5.0,5.0,5.0,5.0,5.0,5.0,5.0,4.0,2.0,M,2.0,2.0,6.0,0.0,single
0.0,dawn,20.0,by_chance,4.0,3.0,4.0,5.0,5.0,5.0,3.0,3.0,4.0,1.0,2.0,M,2.0,1.5,3.0,1.0,single
0.0,dinner,15.0,web,5.0,4.0,3.0,5.0,5.0,4.0,2.0,3.0,3.0,1.0,2.0,F,2.0,1.5,5.0,0.0,single
1.0,dinner,30.0,social_network,5.0,5.0,4.0,4.0,5.0,5.0,2.0,4.0,3.0,3.0,5.0,M,2.0,1.5,4.0,1.0,single
0.0,dinner,15.0,by_chance,4.0,5.0,4.0,4.0,5.0,5.0,4.0,3.0,3.0,1.0,1.0,M,2.0,1.5,1.0,0.0,single
0.0,dawn,30.0,social_network,5.0,5.0,4.0,4.0,4.0,5.0,5.0,2.0,3.0,1.0,1.0,F,4.0,1.5,4.0,0.0,married
0.0,dawn,30.0,social_network,4.0,3.0,3.0,3.0,4.0,4.0,5.0,4.0,4.0,1.0,1.0,M,2.0,1.5,6.0,1.0,single
0.0,dinner,20.0,by_chance,4.0,5.0,2.0,4.0,4.0,5.0,5.0,1.0,1.0,1.0,3.0,F,2.0,1.5,3.0,1.0,single
2.0,happy_hour,20.0,web,5.0,5.0,2.0,5.0,4.0,4.0,4.0,3.0,3.0,2.0,4.0,F,1.0,1.5,6.0,0.0,single
0.0,dinner,20.0,by_chance,4.0,4.0,2.0,2.0,3.0,4.0,1.0,3.0,2.0,2.0,2.0,M,4.0,5.0,4.0,0.0,married
1.0,dinner,15.0,friend,5.0,5.0,5.0,5.0,5.0,5.0,5.0,4.0,5.0,3.0,3.0,F,2.0,2.0,5.0,1.0,married
0.0,dinner,30.0,social_network,5.0,5.0,4.0,4.0,4.0,4.0,5.0,3.0,3.0,2.0,4.0,F,2.0,1.5,6.0,1.0,single
0.0,lunch,15.0,by_chance,5.0,5.0,4.0,4.0,4.0,5.0,4.0,5.0,4.0,2.0,2.0,F,2.0,1.5,1.0,0.0,single
1.0,dinner,20.0,social_network,5.0,5.0,2.0,4.0,5.0,4.0,5.0,4.0,2.0,4.0,4.0,F,2.0,1.5,5.0,0.0,single
0.0,dinner,20.0,friend,5.0,5.0,5.0,4.0,5.0,5.0,5.0,4.0,2.0,1.0,1.0,M,7.0,5.0,4.0,1.0,single
1.0,happy_hour,20.0,social_network,5.0,5.0,5.0,5.0,5.0,5.0,5.0,2.0,5.0,5.0,5.0,F,2.0,2.0,4.0,1.0,single
0.0,dinner,20.0,friend,5.0,4.0,4.0,4.0,4.0,4.0,5.0,2.0,4.0,3.0,1.0,M,3.0,1.5,6.0,0.0,single
0.0,happy_hour,30.0,web,5.0,5.0,5.0,5.0,5.0,5.0,4.0,3.0,4.0,2.0,2.0,M,2.0,1.5,2.0,1.0,single
0.0,dinner,20.0,by_chance,5.0,4.0,3.0,3.0,4.0,5.0,3.0,2.0,4.0,2.0,2.0,M,4.0,1.5,3.0,1.0,single
0.0,dawn,20.0,social_network,5.0,5.0,4.0,3.0,5.0,5.0,5.0,3.0,4.0,3.0,3.0,M,2.0,1.5,1.0,1.0,single
1.0,happy_hour,30.0,social_network,5.0,5.0,4.0,4.0,5.0,4.0,4.0,1.0,5.0,3.0,5.0,F,2.0,1.5,3.0,0.0,single
0.0,happy_hour,20.0,social_network,5.0,5.0,5.0,5.0,5.0,5.0,4.0,3.0,4.0,3.0,4.0,F,2.0,1.5,3.0,0.0,single
2.0,dinner,30.0,social_network,4.0,5.0,4.0,4.0,5.0,4.0,3.0,2.0,3.0,2.0,5.0,F,2.0,1.5,4.0,0.0,single
0.0,dinner,15.0,social_network,5.0,5.0,4.0,4.0,4.0,4.0,4.0,4.0,3.0,1.0,3.0,F,1.0,1.5,4.0,1.0,single
0.0,happy_hour,15.0,by_chance,3.0,3.0,3.0,3.0,4.0,3.0,5.0,3.0,3.0,3.0,3.0,F,5.0,3.0,2.0,1.0,married
0.0,afternoon,15.0,ads,5.0,5.0,5.0,5.0,5.0,5.0,2.0,2.0,4.0,4.0,1.0,F,2.0,1.5,1.0,0.0,single
0.0,dinner,20.0,by_chance,5.0,5.0,5.0,5.0,5.0,5.0,5.0,2.0,4.0,2.0,2.0,M,3.0,1.5,3.0,1.0,single
1.0,dinner,30.0,by_chance,5.0,4.0,4.0,5.0,4.0,5.0,3.0,3.0,4.0,2.0,1.0,M,3.0,3.0,4.0,1.0,single
1.0,happy_hour,15.0,by_chance,5.0,5.0,3.0,5.0,5.0,3.0,4.0,3.0,3.0,1.0,1.0,F,5.0,2.0,2.0,1.0,single
0.0,dinner,20.0,friend,5.0,5.0,4.0,5.0,5.0,4.0,4.0,2.0,3.0,1.0,1.0,M,4.0,2.0,5.0,1.0,married
0.0,dinner,20.0,friend,5.0,5.0,5.0,5.0,5.0,5.0,1.0,3.0,1.0,4.0,4.0,M,4.0,2.0,4.0,1.0,married
1.0,dinner,20.0,friend,5.0,5.0,4.0,5.0,4.0,5.0,4.0,3.0,3.0,4.0,5.0,F,8.0,2.0,5.0,0.0,married
0.0,dinner,15.0,friend,5.0,5.0,3.0,5.0,5.0,5.0,5.0,2.0,3.0,1.0,1.0,F,3.0,1.5,4.0,1.0,married
4.0,dinner,20.0,social_network,5.0,5.0,4.0,5.0,4.0,5.0,3.0,3.0,4.0,5.0,5.0,M,6.0,2.0,4.0,1.0,married
0.0,afternoon,15.0,friend,5.0,5.0,2.0,4.0,5.0,5.0,5.0,2.0,3.0,4.0,3.0,M,1.0,1.0,3.0,0.0,single
0.0,happy_hour,20.0,social_network,5.0,5.0,3.0,4.0,5.0,3.0,4.0,2.0,4.0,3.0,2.0,M,3.0,2.0,4.0,1.0,single
3.0,dinner,15.0,friend,5.0,5.0,5.0,5.0,5.0,5.0,4.0,4.0,4.0,1.0,1.0,M,1.0,1.0,2.0,0.0,single
1.0,happy_hour,20.0,friend,5.0,5.0,5.0,4.0,5.0,5.0,4.0,3.0,3.0,2.0,1.0,M,3.0,1.0,2.0,1.0,single
3.0,dawn,30.0,friend,5.0,5.0,4.0,5.0,4.0,1.0,5.0,3.0,3.0,2.0,2.0,M,1.0,1.0,1.0,0.0,single
4.0,dinner,15.0,by_chance,5.0,5.0,4.0,5.0,1.0,5.0,5.0,3.0,1.0,5.0,3.0,F,1.0,1.0,1.0,0.0,single
1.0,dinner,15.0,by_chance,2.0,5.0,4.0,5.0,5.0,5.0,3.0,3.0,4.0,3.0,4.0,F,1.0,0.0,1.0,0.0,single
4.0,dinner,20.0,friend,5.0,4.0,4.0,2.0,5.0,5.0,5.0,2.0,2.0,4.0,4.0,F,1.0,0.0,2.0,0.0,single
0.0,dinner,15.0,friend,5.0,5.0,4.0,5.0,5.0,5.0,5.0,4.0,3.0,3.0,3.0,M,8.0,1.5,3.0,1.0,divorced
3.0,happy_hour,30.0,social_network,5.0,5.0,4.0,5.0,4.0,5.0,2.0,3.0,3.0,4.0,2.0,M,1.0,1.0,2.0,1.0,single
0.0,happy_hour,15.0,friend,5.0,4.0,3.0,2.0,1.0,5.0,2.0,4.0,4.0,4.0,4.0,M,3.0,5.0,1.0,0.0,married
4.0,dinner,20.0,friend,5.0,4.0,4.0,4.0,5.0,5.0,5.0,3.0,4.0,3.0,4.0,F,2.0,1.0,1.0,0.0,single
1.0,dinner,15.0,friend,5.0,5.0,2.0,4.0,5.0,4.0,3.0,2.0,3.0,1.0,1.0,F,1.0,1.0,1.0,0.0,single
2.0,dinner,15.0,ads,4.0,4.0,4.0,2.0,4.0,4.0,4.0,2.0,4.0,4.0,4.0,F,1.0,0.0,1.0,0.0,single
3.0,happy_hour,15.0,friend,4.0,5.0,1.0,5.0,4.0,5.0,3.0,3.0,2.0,2.0,1.0,F,1.0,0.0,2.0,0.0,single
2.0,happy_hour,15.0,friend,5.0,5.0,3.0,3.0,4.0,4.0,3.0,2.0,4.0,4.0,2.0,F,1.0,0.0,1.0,0.0,single
2.0,happy_hour,15.0,friend,5.0,5.0,3.0,3.0,3.0,5.0,1.0,3.0,3.0,2.0,1.0,M,2.0,1.0,3.0,1.0,single
1.0,dinner,15.0,friend,5.0,5.0,1.0,4.0,5.0,4.0,2.0,1.0,4.0,4.0,1.0,F,4.0,1.0,1.0,1.0,divorced
0.0,afternoon,30.0,social_network,5.0,5.0,5.0,5.0,5.0,5.0,3.0,3.0,3.0,3.0,3.0,M,2.0,1.0,1.0,1.0,single
0.0,lunch,20.0,social_network,4.0,5.0,2.0,5.0,5.0,5.0,1.0,5.0,4.0,4.0,5.0,M,1.0,0.0,2.0,0.0,single
0.0,lunch,30.0,social_network,4.0,5.0,2.0,5.0,5.0,5.0,5.0,4.0,3.0,1.0,1.0,F,1.0,1.0,3.0,0.0,single
0.0,lunch,20.0,friend,5.0,5.0,4.0,5.0,4.0,5.0,5.0,4.0,4.0,1.0,1.0,F,1.0,1.0,1.0,1.0,married
0.0,dawn,15.0,social_network,5.0,5.0,4.0,4.0,5.0,5.0,5.0,4.0,4.0,1.0,1.0,F,1.0,1.0,1.0,0.0,married
0.0,lunch,15.0,by_chance,5.0,3.0,3.0,4.0,5.0,4.0,2.0,4.0,3.0,1.0,1.0,M,1.0,1.5,1.0,0.0,single
0.0,dinner,15.0,friend,5.0,5.0,5.0,5.0,5.0,5.0,3.0,2.0,4.0,3.0,1.0,F,1.0,1.0,3.0,0.0,single
1.0,dinner,15.0,by_chance,5.0,5.0,5.0,5.0,5.0,5.0,5.0,3.0,5.0,3.0,3.0,M,1.0,0.0,1.0,0.0,single
3.0,dinner,30.0,social_network,5.0,5.0,5.0,4.0,4.0,4.0,4.0,2.0,3.0,3.0,3.0,M,2.0,1.0,2.0,1.0,single
0.0,lunch,15.0,social_network,5.0,5.0,1.0,5.0,5.0,5.0,3.0,3.0,3.0,3.0,3.0,M,1.0,1.0,1.0,0.0,single
4.0,afternoon,15.0,by_chance,4.0,5.0,3.0,3.0,4.0,4.0,3.0,3.0,4.0,2.0,2.0,M,1.0,1.0,2.0,0.0,single
4.0,afternoon,15.0,by_chance,5.0,5.0,2.0,4.0,5.0,4.0,3.0,2.0,1.0,1.0,1.0,F,1.0,1.0,1.0,0.0,single
2.0,dinner,20.0,friend,5.0,5.0,4.0,5.0,4.0,5.0,5.0,5.0,4.0,3.0,3.0,M,1.0,1.0,1.0,0.0,single
0.0,dinner,20.0,friend,5.0,5.0,4.0,5.0,5.0,5.0,4.0,4.0,4.0,3.0,3.0,F,1.0,1.0,1.0,0.0,single
2.0,dinner,15.0,friend,5.0,5.0,5.0,5.0,5.0,5.0,5.0,3.0,3.0,3.0,4.0,F,1.0,1.0,2.0,0.0,single
0.0,dinner,20.0,by_chance,5.0,5.0,5.0,5.0,5.0,5.0,5.0,5.0,1.0,1.0,5.0,M,1.0,1.0,1.0,1.0,single
1.0,dinner,15.0,by_chance,5.0,5.0,3.0,5.0,4.0,5.0,5.0,1.0,5.0,3.0,4.0,F,1.0,1.0,1.0,1.0,single
3.0,happy_hour,50.0,by_chance,5.0,5.0,4.0,5.0,5.0,5.0,5.0,3.0,4.0,2.0,1.0,M,1.0,1.0,1.0,0.0,single
3.0,happy_hour,50.0,by_chance,5.0,5.0,4.0,5.0,5.0,5.0,5.0,5.0,4.0,1.0,5.0,M,1.0,1.0,1.0,0.0,single
0.0,dinner,20.0,ads,5.0,5.0,5.0,5.0,5.0,5.0,5.0,1.0,3.0,3.0,3.0,F,8.0,2.0,2.0,0.0,single
1.0,happy_hour,30.0,social_network,5.0,5.0,4.0,4.0,5.0,5.0,4.0,2.0,4.0,5.0,5.0,F,3.0,2.0,4.0,1.0,single
1.0,dinner,20.0,social_network,5.0,4.0,4.0,4.0,4.0,5.0,3.0,3.0,4.0,5.0,4.0,M,2.0,1.5,3.0,0.0,single
0.0,dinner,20.0,web,5.0,5.0,4.0,4.0,4.0,5.0,4.0,2.0,5.0,3.0,2.0,M,2.0,1.5,5.0,1.0,single
1.0,dinner,20.0,friend,5.0,5.0,4.0,4.0,4.0,4.0,4.0,3.0,4.0,3.0,2.0,M,2.0,1.5,3.0,1.0,single
0.0,dinner,15.0,by_chance,5.0,5.0,4.0,4.0,5.0,4.0,5.0,3.0,3.0,2.0,1.0,F,4.0,2.0,2.0,1.0,married
2.0,dinner,20.0,friend,5.0,4.0,1.0,4.0,5.0,5.0,4.0,3.0,5.0,5.0,5.0,M,2.0,1.5,6.0,1.0,married
0.0,dinner,15.0,social_network,5.0,5.0,4.0,5.0,5.0,4.0,4.0,3.0,2.0,2.0,4.0,M,2.0,1.5,3.0,1.0,single
0.0,dinner,15.0,by_chance,5.0,5.0,5.0,5.0,5.0,5.0,5.0,5.0,3.0,3.0,3.0,M,2.0,2.0,3.0,1.0,single
0.0,dinner,20.0,by_chance,5.0,5.0,4.0,4.0,5.0,4.0,4.0,3.0,4.0,1.0,1.0,M,4.0,4.0,5.0,1.0,married
1.0,dinner,20.0,friend,5.0,5.0,4.0,4.0,5.0,4.0,4.0,3.0,2.0,2.0,2.0,M,2.0,1.5,5.0,1.0,single
0.0,dinner,30.0,social_network,5.0,5.0,4.0,5.0,5.0,4.0,2.0,5.0,2.0,1.0,5.0,F,1.0,1.5,5.0,1.0,single
0.0,dinner,20.0,social_network,5.0,5.0,4.0,4.0,5.0,5.0,4.0,2.0,5.0,2.0,3.0,F,5.0,3.0,2.0,0.0,married
0.0,dawn,15.0,friend,4.0,5.0,4.0,4.0,4.0,4.0,5.0,2.0,4.0,4.0,4.0,M,2.0,1.5,6.0,1.0,single
0.0,happy_hour,15.0,friend,5.0,4.0,4.0,5.0,5.0,4.0,4.0,4.0,4.0,3.0,4.0,M,2.0,1.5,4.0,0.0,single
0.0,happy_hour,15.0,friend,5.0,4.0,4.0,5.0,5.0,4.0,4.0,4.0,4.0,3.0,4.0,M,2.0,1.5,4.0,0.0,single
1.0,dinner,40.0,social_network,5.0,3.0,5.0,5.0,5.0,5.0,5.0,2.0,5.0,3.0,5.0,M,2.0,1.5,4.0,1.0,married
1.0,dinner,20.0,friend,5.0,5.0,5.0,5.0,5.0,4.0,4.0,3.0,4.0,1.0,3.0,F,4.0,1.5,3.0,1.0,married
1.0,dinner,30.0,social_network,5.0,5.0,4.0,5.0,3.0,2.0,2.0,2.0,5.0,2.0,4.0,F,2.0,1.5,6.0,0.0,single
1.0,dinner,20.0,friend,5.0,5.0,3.0,5.0,5.0,5.0,5.0,2.0,3.0,4.0,2.0,F,2.0,1.5,5.0,1.0,single
0.0,dinner,20.0,social_network,5.0,5.0,4.0,4.0,5.0,4.0,4.0,3.0,2.0,3.0,4.0,M,2.0,1.5,6.0,0.0,single
0.0,dinner,30.0,by_chance,5.0,5.0,4.0,4.0,4.0,4.0,2.0,4.0,4.0,2.0,2.0,M,7.0,1.0,3.0,1.0,married
0.0,dinner,40.0,by_chance,5.0,5.0,5.0,5.0,5.0,5.0,3.0,3.0,4.0,3.0,3.0,M,7.0,1.0,2.0,1.0,divorced
0.0,dinner,40.0,by_chance,5.0,5.0,1.0,3.0,4.0,4.0,4.0,2.0,1.0,2.0,2.0,F,5.0,1.0,2.0,1.0,married
4.0,dinner,40.0,friend,5.0,5.0,4.0,2.0,5.0,5.0,4.0,2.0,3.0,2.0,2.0,M,2.0,1.0,2.0,1.0,single
0.0,dinner,15.0,by_chance,5.0,5.0,3.0,3.0,4.0,4.0,4.0,2.0,3.0,2.0,3.0,F,2.0,1.0,1.0,1.0,single
0.0,dinner,20.0,by_chance,5.0,5.0,5.0,5.0,5.0,5.0,4.0,2.0,3.0,2.0,3.0,F,1.0,1.5,3.0,0.0,single
0.0,afternoon,15.0,by_chance,5.0,5.0,1.0,2.0,4.0,5.0,2.0,2.0,4.0,4.0,3.0,M,2.0,1.5,3.0,1.0,single
0.0,afternoon,15.0,by_chance,5.0,5.0,1.0,2.0,4.0,5.0,2.0,2.0,4.0,4.0,3.0,M,3.0,1.0,2.0,1.0,single
0.0,dinner,15.0,by_chance,5.0,5.0,3.0,4.0,5.0,5.0,5.0,2.0,4.0,1.0,1.0,M,1.0,1.0,1.0,0.0,single
2.0,dinner,30.0,by_chance,5.0,5.0,3.0,3.0,3.0,4.0,5.0,4.0,2.0,2.0,4.0,F,1.0,1.0,1.0,1.0,single
0.0,dinner,30.0,social_network,5.0,5.0,4.0,4.0,4.0,4.0,4.0,2.0,4.0,2.0,5.0,F,2.0,4.0,3.0,0.0,single
3.0,dinner,15.0,by_chance,5.0,5.0,5.0,5.0,5.0,5.0,4.0,4.0,3.0,2.0,2.0,F,1.0,1.0,3.0,0.0,single
0.0,dinner,20.0,friend,5.0,5.0,5.0,5.0,5.0,5.0,2.0,2.0,3.0,1.0,1.0,M,2.0,1.5,1.0,1.0,single
1.0,dinner,15.0,by_chance,5.0,5.0,4.0,4.0,5.0,4.0,2.0,3.0,2.0,2.0,4.0,F,1.0,1.0,1.0,0.0,single
0.0,afternoon,20.0,friend,5.0,5.0,5.0,5.0,5.0,5.0,5.0,2.0,3.0,5.0,4.0,M,1.0,1.5,2.0,0.0,single
3.0,afternoon,15.0,friend,5.0,5.0,3.0,5.0,5.0,5.0,4.0,4.0,4.0,3.0,3.0,F,2.0,1.0,3.0,0.0,single
0.0,dinner,30.0,social_network,4.0,5.0,3.0,4.0,3.0,4.0,5.0,4.0,3.0,4.0,3.0,M,2.0,1.0,1.0,0.0,single
0.0,dawn,15.0,friend,5.0,5.0,5.0,5.0,5.0,5.0,5.0,3.0,3.0,2.0,2.0,M,1.0,1.0,1.0,0.0,single
0.0,dawn,15.0,by_chance,4.0,5.0,4.0,5.0,5.0,5.0,5.0,3.0,4.0,3.0,3.0,M,1.0,0.0,2.0,0.0,single
0.0,dinner,20.0,social_network,5.0,5.0,5.0,5.0,5.0,5.0,5.0,3.0,3.0,3.0,3.0,M,1.0,1.0,4.0,1.0,single
3.0,dinner,30.0,social_network,5.0,5.0,4.0,5.0,5.0,5.0,5.0,5.0,5.0,3.0,1.0,M,1.0,0.0,2.0,0.0,single
1.0,dawn,30.0,social_network,4.0,5.0,2.0,4.0,5.0,5.0,5.0,5.0,5.0,5.0,1.0,F,4.0,2.0,2.0,1.0,married
0.0,happy_hour,15.0,by_chance,5.0,5.0,4.0,5.0,5.0,5.0,3.0,3.0,3.0,2.0,1.0,M,1.0,0.0,1.0,0.0,single
3.0,dinner,20.0,by_chance,5.0,5.0,5.0,5.0,5.0,5.0,5.0,1.0,3.0,3.0,3.0,M,2.0,1.5,2.0,0.0,single
1.0,dawn,20.0,by_chance,5.0,4.0,2.0,4.0,5.0,5.0,5.0,3.0,5.0,1.0,1.0,M,2.0,1.5,2.0,1.0,single
4.0,afternoon,15.0,friend,5.0,4.0,2.0,4.0,4.0,4.0,2.0,3.0,4.0,4.0,2.0,M,1.0,1.0,2.0,0.0,single
2.0,happy_hour,15.0,by_chance,5.0,5.0,1.0,3.0,4.0,4.0,5.0,3.0,2.0,1.0,1.0,M,1.0,0.0,1.0,0.0,single
0.0,afternoon,15.0,by_chance,4.0,4.0,4.0,4.0,4.0,4.0,4.0,4.0,3.0,4.0,4.0,F,1.0,0.0,2.0,0.0,single
2.0,dinner,20.0,friend,5.0,4.0,4.0,5.0,5.0,5.0,4.0,2.0,3.0,4.0,1.0,F,1.0,1.0,1.0,0.0,single
1.0,dawn,30.0,social_network,5.0,5.0,3.0,5.0,3.0,5.0,5.0,4.0,4.0,5.0,5.0,F,2.0,1.5,2.0,0.0,single
2.0,dinner,20.0,friend,4.0,5.0,3.0,5.0,4.0,5.0,4.0,1.0,4.0,2.0,2.0,F,1.0,1.0,2.0,0.0,single
1.0,afternoon,15.0,friend,4.0,5.0,4.0,5.0,4.0,5.0,4.0,3.0,1.0,1.0,1.0,F,2.0,1.5,4.0,0.0,single
0.0,afternoon,20.0,social_network,4.0,5.0,1.0,4.0,3.0,2.0,3.0,5.0,5.0,1.0,1.0,F,1.0,1.0,2.0,1.0,single
0.0,dawn,20.0,social_network,5.0,5.0,4.0,4.0,4.0,4.0,5.0,3.0,3.0,3.0,3.0,M,2.0,1.5,3.0,0.0,single
1.0,dinner,30.0,social_network,5.0,5.0,4.0,4.0,5.0,3.0,3.0,1.0,3.0,5.0,5.0,F,2.0,1.5,1.0,1.0,single
1.0,dinner,15.0,friend,5.0,5.0,4.0,4.0,3.0,3.0,5.0,1.0,1.0,1.0,1.0,M,1.0,0.0,3.0,0.0,single
2.0,afternoon,15.0,social_network,5.0,5.0,4.0,5.0,4.0,3.0,1.0,2.0,3.0,4.0,5.0,M,1.0,1.0,1.0,0.0,single
0.0,dinner,15.0,friend,5.0,4.0,5.0,5.0,5.0,4.0,5.0,1.0,2.0,1.0,1.0,F,2.0,1.5,5.0,0.0,single
0.0,dawn,20.0,friend,5.0,5.0,5.0,5.0,5.0,5.0,4.0,3.0,4.0,1.0,1.0,F,4.0,3.0,3.0,1.0,married
0.0,dinner,15.0,by_chance,5.0,5.0,3.0,4.0,4.0,5.0,5.0,3.0,3.0,1.0,1.0,M,4.0,3.0,3.0,1.0,married
0.0,dinner,20.0,friend,5.0,5.0,2.0,4.0,4.0,3.0,4.0,3.0,4.0,4.0,1.0,M,3.0,2.0,1.0,1.0,single
2.0,dinner,15.0,web,5.0,5.0,5.0,5.0,5.0,5.0,3.0,3.0,3.0,3.0,3.0,F,2.0,1.5,2.0,1.0,single
2.0,dinner,15.0,friend,5.0,4.0,2.0,1.0,5.0,5.0,3.0,3.0,3.0,2.0,2.0,M,1.0,0.0,2.0,1.0,single
0.0,dinner,15.0,friend,5.0,5.0,3.0,4.0,5.0,4.0,3.0,4.0,2.0,5.0,2.0,F,1.0,0.0,1.0,0.0,single
0.0,dinner,30.0,friend,5.0,5.0,5.0,5.0,5.0,5.0,5.0,4.0,4.0,2.0,2.0,M,1.0,1.0,3.0,0.0,single
0.0,afternoon,15.0,friend,2.0,5.0,1.0,4.0,3.0,5.0,2.0,3.0,3.0,3.0,4.0,M,1.0,0.0,2.0,0.0,single
0.0,afternoon,20.0,ads,4.0,5.0,4.0,5.0,5.0,5.0,5.0,4.0,4.0,2.0,2.0,F,1.0,0.0,1.0,1.0,single
0.0,dinner,20.0,by_chance,5.0,5.0,5.0,5.0,5.0,5.0,5.0,3.0,3.0,1.0,1.0,M,1.0,0.0,1.0,0.0,single
0.0,dinner,15.0,friend,4.0,4.0,3.0,3.0,3.0,4.0,5.0,3.0,4.0,1.0,1.0,M,3.0,2.0,3.0,1.0,married
1.0,dinner,30.0,social_network,5.0,4.0,5.0,4.0,3.0,5.0,4.0,2.0,4.0,2.0,2.0,M,4.0,2.0,4.0,1.0,married
0.0,afternoon,20.0,friend,5.0,5.0,5.0,5.0,5.0,5.0,5.0,4.0,4.0,2.0,2.0,F,6.0,1.5,1.0,0.0,single
0.0,afternoon,20.0,friend,5.0,5.0,5.0,5.0,5.0,5.0,2.0,4.0,2.0,2.0,2.0,F,1.0,0.0,2.0,0.0,single
0.0,afternoon,20.0,friend,5.0,5.0,5.0,5.0,5.0,5.0,2.0,4.0,2.0,2.0,2.0,F,1.0,0.0,2.0,0.0,single
0.0,afternoon,20.0,friend,5.0,5.0,5.0,5.0,5.0,5.0,2.0,4.0,2.0,2.0,2.0,F,1.0,0.0,2.0,0.0,single
0.0,dinner,15.0,friend,4.0,5.0,3.0,3.0,4.0,4.0,5.0,1.0,5.0,1.0,1.0,F,2.0,1.5,3.0,0.0,single
0.0,dinner,30.0,friend,4.0,5.0,4.0,4.0,4.0,5.0,3.0,3.0,3.0,3.0,3.0,F,1.0,1.0,3.0,0.0,single
0.0,afternoon,30.0,friend,5.0,5.0,5.0,5.0,5.0,5.0,5.0,5.0,1.0,1.0,1.0,F,1.0,1.0,1.0,0.0,single
0.0,dinner,20.0,by_chance,5.0,5.0,1.0,4.0,4.0,4.0,2.0,2.0,2.0,1.0,1.0,F,1.0,1.5,6.0,0.0,single
1.0,dinner,20.0,friend,4.0,5.0,2.0,4.0,5.0,3.0,5.0,3.0,3.0,1.0,2.0,M,1.0,1.0,5.0,0.0,single
1.0,afternoon,30.0,friend,5.0,5.0,5.0,5.0,5.0,5.0,3.0,4.0,2.0,2.0,2.0,F,1.0,1.5,3.0,0.0,single
0.0,afternoon,15.0,by_chance,4.0,5.0,3.0,4.0,4.0,4.0,3.0,4.0,3.0,1.0,1.0,F,2.0,1.0,1.0,0.0,single
0.0,afternoon,20.0,by_chance,5.0,5.0,3.0,4.0,4.0,4.0,5.0,3.0,4.0,3.0,3.0,F,1.0,1.0,1.0,0.0,single
0.0,dinner,15.0,social_network,5.0,5.0,5.0,5.0,5.0,5.0,4.0,3.0,1.0,5.0,5.0,M,1.0,1.0,1.0,0.0,single
1.0,dinner,20.0,social_network,5.0,4.0,5.0,4.0,3.0,5.0,4.0,1.0,1.0,1.0,5.0,F,3.0,4.0,6.0,1.0,single
1.0,dinner,20.0,social_network,5.0,4.0,5.0,4.0,3.0,5.0,4.0,1.0,1.0,1.0,5.0,F,3.0,4.0,6.0,1.0,single
1.0,dinner,20.0,social_network,5.0,4.0,5.0,4.0,3.0,5.0,4.0,1.0,1.0,1.0,5.0,F,3.0,4.0,6.0,1.0,single
1.0,dawn,15.0,by_chance,5.0,5.0,5.0,5.0,5.0,5.0,3.0,3.0,4.0,3.0,3.0,F,1.0,0.0,2.0,0.0,single
2.0,afternoon,15.0,by_chance,5.0,5.0,3.0,4.0,4.0,3.0,4.0,4.0,4.0,2.0,2.0,M,1.0,1.0,1.0,0.0,single
0.0,afternoon,15.0,by_chance,5.0,5.0,5.0,5.0,5.0,5.0,2.0,2.0,3.0,4.0,1.0,M,1.0,1.0,1.0,0.0,single
0.0,dawn,30.0,friend,5.0,5.0,5.0,5.0,5.0,5.0,5.0,2.0,1.0,2.0,1.0,F,2.0,0.0,1.0,0.0,single
3.0,afternoon,15.0,by_chance,5.0,5.0,4.0,4.0,4.0,5.0,5.0,1.0,5.0,5.0,5.0,F,1.0,1.0,1.0,0.0,single
1.0,dawn,40.0,by_chance,5.0,5.0,5.0,5.0,5.0,5.0,4.0,2.0,1.0,1.0,3.0,M,1.0,0.0,1.0,1.0,single
0.0,afternoon,15.0,social_network,4.0,5.0,4.0,4.0,4.0,4.0,3.0,3.0,1.0,1.0,1.0,M,1.0,1.5,3.0,1.0,single
0.0,dinner,15.0,social_network,5.0,5.0,5.0,5.0,5.0,5.0,1.0,1.0,5.0,5.0,5.0,F,1.0,1.0,2.0,0.0,single
0.0,dinner,15.0,friend,5.0,4.0,2.0,1.0,5.0,5.0,1.0,1.0,1.0,1.0,1.0,M,2.0,1.5,2.0,1.0,single
0.0,afternoon,15.0,social_network,5.0,5.0,5.0,5.0,5.0,5.0,5.0,1.0,1.0,1.0,1.0,F,2.0,2.0,1.0,1.0,single
0.0,happy_hour,20.0,web,5.0,5.0,5.0,5.0,5.0,5.0,5.0,1.0,1.0,1.0,1.0,M,1.0,1.0,6.0,0.0,single
4.0,dinner,30.0,friend,5.0,3.0,3.0,4.0,5.0,5.0,4.0,4.0,4.0,3.0,3.0,M,2.0,1.5,6.0,0.0,single
1.0,happy_hour,20.0,friend,5.0,5.0,5.0,5.0,5.0,5.0,2.0,4.0,4.0,4.0,4.0,M,2.0,1.0,2.0,0.0,single
0.0,afternoon,20.0,social_network,5.0,5.0,2.0,4.0,5.0,4.0,4.0,3.0,3.0,1.0,3.0,F,2.0,1.5,1.0,1.0,single
0.0,dinner,20.0,friend,4.0,5.0,5.0,5.0,5.0,5.0,5.0,4.0,4.0,3.0,1.0,F,1.0,1.5,2.0,1.0,single
1.0,happy_hour,20.0,web,5.0,4.0,5.0,3.0,4.0,4.0,4.0,4.0,4.0,4.0,2.0,F,2.0,1.5,5.0,1.0,single
0.0,dinner,20.0,by_chance,5.0,5.0,5.0,5.0,5.0,5.0,5.0,2.0,4.0,5.0,5.0,F,2.0,0.0,1.0,0.0,single
0.0,afternoon,15.0,by_chance,5.0,5.0,2.0,3.0,5.0,5.0,2.0,4.0,3.0,3.0,3.0,F,2.0,0.0,1.0,0.0,single
0.0,afternoon,15.0,web,5.0,5.0,3.0,3.0,5.0,5.0,3.0,3.0,3.0,3.0,3.0,M,1.0,1.5,1.0,1.0,single
0.0,afternoon,15.0,by_chance,5.0,5.0,5.0,5.0,5.0,5.0,5.0,1.0,1.0,1.0,1.0,M,2.0,0.0,2.0,0.0,single
0.0,happy_hour,40.0,social_network,5.0,5.0,5.0,5.0,5.0,5.0,4.0,5.0,5.0,1.0,1.0,M,2.0,1.0,3.0,1.0,single
0.0,dinner,30.0,web,5.0,5.0,4.0,5.0,4.0,5.0,4.0,3.0,2.0,3.0,2.0,M,2.0,1.5,1.0,1.0,married
1.0,dinner,30.0,social_network,5.0,4.0,4.0,4.0,4.0,5.0,5.0,2.0,4.0,5.0,5.0,F,2.0,1.5,5.0,0.0,single
0.0,dinner,30.0,web,5.0,5.0,4.0,5.0,4.0,5.0,3.0,2.0,3.0,2.0,3.0,F,2.0,1.5,1.0,0.0,married
0.0,afternoon,15.0,friend,5.0,5.0,5.0,5.0,5.0,5.0,5.0,2.0,1.0,3.0,4.0,F,6.0,1.5,1.0,1.0,single
0.0,dinner,15.0,friend,5.0,5.0,5.0,5.0,5.0,5.0,3.0,3.0,3.0,3.0,3.0,F,1.0,1.0,1.0,1.0,single
4.0,afternoon,15.0,by_chance,5.0,5.0,5.0,5.0,5.0,5.0,4.0,2.0,2.0,2.0,2.0,F,2.0,0.0,2.0,0.0,single
0.0,afternoon,40.0,social_network,5.0,5.0,5.0,5.0,5.0,5.0,4.0,2.0,2.0,2.0,2.0,M,1.0,1.5,2.0,0.0,single
2.0,afternoon,15.0,by_chance,4.0,5.0,2.0,2.0,4.0,3.0,2.0,2.0,2.0,2.0,2.0,M,1.0,1.0,1.0,0.0,single
2.0,dinner,20.0,friend,4.0,5.0,2.0,4.0,4.0,5.0,2.0,2.0,5.0,2.0,2.0,F,1.0,1.0,1.0,0.0,single
0.0,afternoon,15.0,friend,5.0,5.0,5.0,5.0,5.0,5.0,1.0,3.0,3.0,3.0,3.0,M,1.0,0.0,1.0,1.0,single
2.0,dinner,40.0,friend,5.0,5.0,4.0,4.0,5.0,5.0,4.0,3.0,2.0,2.0,2.0,F,1.0,1.0,3.0,0.0,single
0.0,dinner,30.0,social_network,5.0,5.0,5.0,5.0,5.0,5.0,5.0,1.0,5.0,5.0,5.0,F,3.0,3.0,5.0,1.0,married
0.0,happy_hour,30.0,friend,5.0,5.0,5.0,5.0,5.0,5.0,5.0,1.0,5.0,4.0,1.0,F,3.0,3.0,4.0,1.0,single
0.0,happy_hour,15.0,social_network,5.0,5.0,3.0,5.0,5.0,5.0,5.0,3.0,4.0,3.0,3.0,F,2.0,2.0,3.0,0.0,single
1.0,happy_hour,30.0,social_network,5.0,5.0,3.0,4.0,4.0,5.0,4.0,2.0,4.0,4.0,3.0,M,8.0,3.0,5.0,1.0,married
1.0,dinner,40.0,social_network,5.0,3.0,5.0,5.0,4.0,5.0,5.0,1.0,5.0,5.0,5.0,F,6.0,2.0,6.0,0.0,married
1.0,dinner,40.0,social_network,4.0,4.0,4.0,4.0,5.0,5.0,3.0,3.0,5.0,5.0,4.0,F,3.0,3.0,4.0,0.0,single
1.0,dinner,20.0,social_network,5.0,5.0,3.0,5.0,5.0,5.0,4.0,3.0,4.0,4.0,4.0,F,2.0,4.0,3.0,0.0,married
1.0,dinner,15.0,social_network,5.0,4.0,3.0,4.0,5.0,4.0,3.0,4.0,5.0,3.0,1.0,M,3.0,3.0,2.0,1.0,single
0.0,dinner,20.0,friend,5.0,4.0,2.0,2.0,4.0,5.0,5.0,3.0,4.0,3.0,4.0,M,4.0,2.0,6.0,1.0,single
1.0,dinner,30.0,social_network,5.0,5.0,4.0,4.0,5.0,5.0,3.0,3.0,4.0,5.0,5.0,F,3.0,2.0,5.0,1.0,single
1.0,dinner,50.0,social_network,5.0,5.0,4.0,5.0,5.0,5.0,5.0,1.0,5.0,5.0,4.0,M,4.0,2.0,5.0,1.0,single
1.0,dinner,20.0,social_network,4.0,5.0,3.0,4.0,5.0,5.0,4.0,2.0,4.0,4.0,3.0,M,3.0,3.0,4.0,1.0,single
2.0,dinner,40.0,social_network,4.0,5.0,4.0,4.0,5.0,3.0,3.0,2.0,4.0,4.0,4.0,F,2.0,2.0,2.0,1.0,single
2.0,happy_hour,30.0,social_network,4.0,4.0,4.0,4.0,5.0,4.0,5.0,3.0,4.0,3.0,3.0,F,1.0,1.0,1.0,0.0,single
1.0,dinner,20.0,friend,5.0,5.0,3.0,4.0,4.0,5.0,2.0,1.0,4.0,4.0,3.0,F,8.0,2.0,4.0,1.0,married
2.0,dinner,20.0,by_chance,5.0,5.0,4.0,5.0,5.0,5.0,5.0,2.0,5.0,5.0,5.0,F,3.0,2.0,1.0,1.0,married
1.0,dinner,30.0,social_network,5.0,5.0,5.0,5.0,4.0,4.0,2.0,1.0,4.0,4.0,5.0,F,2.0,1.5,5.0,0.0,single
0.0,dinner,20.0,friend,5.0,5.0,4.0,5.0,5.0,4.0,4.0,1.0,3.0,2.0,3.0,M,4.0,1.0,3.0,1.0,married
0.0,dawn,15.0,friend,5.0,5.0,4.0,4.0,5.0,5.0,3.0,3.0,4.0,3.0,3.0,M,2.0,1.5,3.0,1.0,single
0.0,dinner,30.0,social_network,5.0,5.0,2.0,4.0,5.0,5.0,4.0,1.0,5.0,4.0,2.0,F,2.0,1.5,3.0,1.0,single
1.0,dinner,30.0,web,5.0,5.0,4.0,4.0,5.0,5.0,5.0,3.0,4.0,4.0,4.0,M,3.0,2.0,3.0,1.0,single
0.0,dinner,50.0,by_chance,5.0,5.0,4.0,4.0,5.0,5.0,5.0,3.0,3.0,3.0,1.0,F,5.0,1.5,4.0,1.0,married
1.0,dinner,30.0,friend,5.0,5.0,4.0,5.0,4.0,5.0,5.0,1.0,1.0,2.0,1.0,F,4.0,2.0,4.0,1.0,married
0.0,dinner,30.0,friend,5.0,5.0,5.0,5.0,5.0,5.0,5.0,3.0,3.0,3.0,4.0,F,3.0,2.0,3.0,1.0,single
0.0,dinner,30.0,social_network,5.0,5.0,4.0,3.0,4.0,4.0,5.0,3.0,4.0,5.0,4.0,F,1.0,1.0,4.0,0.0,single
0.0,dinner,30.0,social_network,5.0,5.0,4.0,5.0,5.0,5.0,2.0,2.0,4.0,3.0,2.0,M,2.0,2.0,1.0,1.0,single
1.0,dinner,30.0,social_network,5.0,4.0,4.0,4.0,4.0,5.0,5.0,3.0,4.0,5.0,4.0,M,3.0,1.5,2.0,1.0,married
0.0,dinner,15.0,friend,4.0,4.0,5.0,2.0,4.0,4.0,2.0,4.0,4.0,4.0,4.0,M,1.0,0.0,1.0,0.0,single
